{
    "name": "svychartjs",
    "displayName": "ChartJS",
    "packageType": "Web-Component",
    "icon": "https://raw.githubusercontent.com/Servoy/svyChartJS/master/icon.png",
    "description": "An all-purpose charting component, based on popular open-source lib ChartJS",
    "wikiUrl": "https://github.com/Servoy/svyChartJS/wiki",
    "sourceUrl": "https://github.com/Servoy/svyChartJS",
    "releases": [{
        "version": "1.0.0-b1",
        "url": "https://github.com/Servoy/svyChartJS/releases/download/v1.0.0-b1/svychartjs.zip"
    }, {
        "version": "1.0.0-rc1",
        "url": "https://github.com/Servoy/svyChartJS/releases/download/v1.0.0-rc1/svychartjs.zip"
    }]
}
